{"cameraMode":{"drawMode":0,"name":"Shaded","section":"Shading Mode"},"sceneLighting":true,"audioPlay":false,"sceneViewState":{"showFog":true,"showMaterialUpdate":false,"showSkybox":true,"showFlares":true,"showImageEffects":true,"showParticleSystems":true},"in2DMode":false,"pivot":{"x":-0.07057434320449829,"y":-0.2925141453742981,"z":0.6783033609390259},"rotation":{"x":-0.07229731976985932,"y":0.9276789426803589,"z":-0.2555543780326843,"w":-0.26244404911994936},"size":3.629788875579834,"orthographic":false}